,City,Country,Temperature (F),Latitude,Longitude,Humidity (%),Cloudiness (%),Wind Speed (mph)
0,Butaritari,KI,79.22,3.07,172.79,100,80,6.76
1,Hualmay,PE,69.41,-11.1,-77.61,86,36,4.74
2,Rikitea,PF,78.14,-23.12,-134.97,100,24,12.8
3,Urucara,BR,78.95,-2.54,-57.76,85,8,3.51
4,Strezhevoy,RU,23,60.73,77.6,73,0,6.71
5,Naze,NG,75.08,5.43,7.07,92,20,3.18
6,Savonlinna,FI,24.93,61.87,28.88,92,0,2.62
7,Morondava,MG,78.32,-20.3,44.28,92,0,5.64
8,Hobart,AU,64.71,-42.88,147.33,48,75,17.22
9,Puerto Ayora,EC,81.09,-0.74,-90.35,78,20,9.17
10,Novyy Urengoy,RU,28.46,66.08,76.63,94,92,19.95
11,Craig,US,43.83,40.52,-107.55,75,90,9.17
12,Nadym,RU,26.12,65.53,72.51,88,0,18.05
13,Vaini,IN,69.8,15.34,74.49,88,0,1.05
14,Cabra,ES,45.68,37.47,-4.43,93,75,4.7
15,Saint-Augustin,FR,40.06,44.83,-0.61,100,68,2.73
16,Tuatapere,NZ,57.26,-46.13,167.69,89,0,1.95
17,Maldonado,UY,59,-34.91,-54.96,93,0,2.24
18,Kaeo,NZ,68,-35.1,173.78,54,8,7
19,Ushuaia,AR,35.6,-54.81,-68.31,100,90,6.93
20,Arona,IT,49.96,45.76,8.56,81,75,5.82
21,Dikson,RU,14.96,73.51,80.55,100,80,3.4
22,Cockburn Town,TC,78.41,21.46,-71.14,98,92,20.18
23,Miraflores,CO,55.37,5.2,-73.14,100,76,1.95
24,Mataura,NZ,55.64,-46.19,168.86,44,0,4.63
25,Manado,ID,84.2,1.49,124.85,79,40,5.82
26,Albany,US,44.31,42.65,-73.75,61,20,4.74
27,Atuona,PF,83.09,-9.8,-139.03,99,20,13.02
28,Qaanaaq,GL,12.89,77.48,-69.36,87,80,11.01
29,Chokurdakh,RU,18.02,70.62,147.9,100,68,6.08
30,Brae,GB,43.81,60.4,-1.35,70,36,17.22
31,Bethel,US,38.28,60.79,-161.76,48,1,13.87
32,Cape Town,ZA,61.65,-33.93,18.42,82,0,11.41
33,Avarua,CK,82.4,-21.21,-159.78,65,48,12.75
34,Leningradskiy,RU,6.86,69.38,178.42,94,12,11.9
35,Punta Arenas,CL,44.28,-53.16,-70.91,81,75,36.91
36,Hermanus,ZA,62.46,-34.42,19.24,87,48,8.99
37,Vardo,US,54.46,39.62,-77.74,87,1,1.83
38,Nyurba,RU,24.77,63.29,118.35,64,0,4.18
39,Half Moon Bay,US,62.91,37.46,-122.43,87,90,11.41
40,Port Alfred,ZA,61,-33.59,26.89,92,8,17.05
41,Kavieng,PG,82.82,-2.57,150.8,100,92,4.74
42,Sao Filipe,CV,71.39,14.9,-24.5,94,0,16.15
43,East London,ZA,68.96,-33.02,27.91,100,32,15.93
44,Arraial do Cabo,BR,80.39,-22.97,-42.02,90,12,4.74
45,Carnarvon,ZA,47.72,-30.97,22.13,76,0,6.64
46,Sinnamary,GF,78.32,5.38,-52.96,100,100,12.68
47,Clyde River,CA,6.8,70.47,-68.59,84,36,24.16
48,Busselton,AU,61.48,-33.64,115.35,50,8,10.22
49,Port Hawkesbury,CA,36.72,45.62,-61.36,93,90,6.93
50,Khatanga,RU,16.58,71.98,102.47,94,88,10.33
51,Mount Gambier,AU,57.2,-37.83,140.78,76,90,11.41
52,Tual,ID,83.9,-5.67,132.75,98,44,3.29
53,Severo-Kurilsk,RU,32.78,50.68,156.12,93,92,24.87
54,Ostrovnoy,RU,27.11,68.05,39.51,92,76,7.76
55,Bredasdorp,ZA,62.17,-34.53,20.04,87,0,3.36
56,Hilo,US,74.95,19.71,-155.08,65,90,13.87
57,Marsh Harbour,BS,75.98,26.54,-77.06,100,24,10.22
58,Barrow,AR,64.46,-38.31,-60.23,45,0,12.01
59,Saint-Denis,FR,48.2,48.94,2.36,71,0,4.7
60,Itarema,BR,71.21,-2.92,-39.92,100,100,9.66
61,Lasa,CY,54.84,34.92,32.53,87,20,5.82
62,Upernavik,GL,29.27,72.79,-56.15,74,0,13.69
63,Rotifunk,SL,80.84,8.23,-12.68,76,88,5.41
64,Tres Picos,MX,80.48,16.23,-93.58,47,0,3.85
65,Cayenne,GF,77,4.94,-52.33,88,0,3.36
66,Severo-Yeniseyskiy,RU,26.39,60.37,93.04,77,88,6.76
67,Pevek,RU,11.99,69.7,170.27,93,0,6.2
68,Acapulco,MX,78.8,16.86,-99.88,83,5,11.41
69,Hobyo,SO,79.49,5.35,48.53,85,24,7.99
70,Mikhaylovka,RU,22.79,52.96,103.29,55,0,8.43
71,Maiduguri,NG,79.76,11.84,13.15,60,20,1.95
72,Tiznit,MA,53.75,29.7,-9.73,89,8,8.55
73,Salinopolis,BR,79.58,-0.61,-47.36,100,76,10.45
74,Cherskiy,RU,16.04,68.75,161.3,72,0,2.39
75,Balsas,BR,73.82,-7.53,-46.04,90,48,4.85
76,Iraray,PH,81.2,8.99,118.05,100,20,3.85
77,Cariati,IT,57,39.5,16.95,99,0,3.96
78,Timbuktu,ML,80.57,16.77,-3.01,22,0,11.68
79,Northam,GB,46.42,51.04,-4.21,85,56,7
80,Boyolangu,ID,73.73,-8.09,111.9,95,56,4.18
81,Mar del Plata,AR,61.94,-46.43,-67.52,35,0,11.79
82,Kruisfontein,ZA,61.04,-34,24.73,82,0,11.01
83,Constitucion,MX,69.17,23.99,-104.67,10,5,16.11
84,Zhigansk,RU,24.41,66.77,123.37,72,0,5.19
85,Victoria,BN,83.14,5.28,115.24,83,90,2.24
86,Ballina,IE,40.05,54.11,-9.15,99,24,3.4
87,Ilulissat,GL,37.4,69.22,-51.1,47,68,35.57
88,Oga,NG,83.72,8.18,5.65,62,12,11.79
89,Castro,CL,53.6,-42.48,-73.76,100,90,9.17
90,Iquique,CL,69.8,-20.22,-70.14,73,0,18.34
91,Sankt Polten,AT,43.59,48.2,15.63,89,0,1.99
92,Longyearbyen,NO,15.8,78.22,15.63,66,20,16.11
93,Katsuura,JP,63.57,33.93,134.5,51,75,2.24
94,Sioux Falls,US,59.16,43.55,-96.7,77,75,10.29
95,Mutsu,JP,42.58,41.29,141.2,56,75,17.22
96,Grand Gaube,MU,79.3,-20.01,57.66,69,75,11.41
97,Salalah,OM,77,17.01,54.1,78,20,5.82
98,Belaya Gora,RU,22.34,68.54,146.19,100,68,4.07
99,Liverpool,GB,44.64,53.41,-2.98,81,0,3.36
100,Afogados da Ingazeira,BR,69.41,-7.75,-37.64,93,64,4.85
101,Ponta do Sol,BR,67.16,-20.63,-46,90,24,3.18
102,Lata,IN,44.93,30.78,78.62,86,56,1.95
103,Conde,BR,79.58,-11.81,-37.61,94,68,7.09
104,Nikolskoye,RU,31.41,59.7,30.79,80,0,6.71
105,Mwinilunga,ZM,64.46,-11.73,24.43,93,48,3.62
106,Gerardmer,FR,45.46,48.07,6.88,75,40,2.24
107,Dunmore Town,BS,76.16,25.5,-76.65,100,92,11.23
108,Talaya,RU,31.01,55.79,84.89,94,75,8.95
109,Hasaki,JP,62.22,35.73,140.83,63,75,4.7
110,Stykkisholmur,IS,35.48,65.08,-22.73,97,80,2.73
111,Nome,US,73.04,30.04,-94.42,88,90,8.05
112,Saint-Philippe,CA,38.19,45.36,-73.48,80,1,4.7
113,Aden,YE,80.84,12.79,45.03,97,0,14.92
114,Kitaibaraki,JP,54.45,36.84,140.74,50,40,8.05
115,Athabasca,CA,36.56,54.72,-113.29,100,92,7.76
116,Klaksvik,FO,41,62.23,-6.59,97,36,10.29
117,Khuzdar,PK,57.17,27.8,66.62,52,0,5.64
118,Imbituba,BR,69.8,-28.24,-48.67,88,90,4.7
119,Nuuk,GL,35.98,64.17,-51.74,59,48,3.36
120,Camacha,PT,60.8,33.08,-16.33,82,40,10.29
121,Ahipara,NZ,65.72,-35.17,173.16,82,12,11.01
122,Jamestown,AU,66.62,-33.21,138.6,47,0,7.65
123,Baicheng,CN,40.34,45.61,122.87,45,0,8.99
124,Najran,SA,66.2,17.54,44.22,72,0,6.93
125,Lagoa,PT,53.08,37.14,-8.45,82,40,17.22
126,Nuqui,CO,82.4,5.71,-77.27,78,20,5.82
127,Norman Wells,CA,30.2,65.28,-126.83,58,20,13.87
128,Chicama,PE,69.8,-7.84,-79.15,94,40,8.05
129,Broome,GB,45.05,52.47,1.45,93,24,6.93
130,Changuinola,PA,79,9.44,-82.52,74,64,1.83
131,Curup,ID,70.31,-3.47,102.53,93,12,0.49
132,Codrington,AU,77.94,-28.95,153.24,61,0,5.82
133,Luderitz,NA,57.26,-26.65,15.16,90,68,9.55
134,Champerico,MX,87.8,16.38,-93.6,43,40,5.82
135,Buraydah,SA,69.8,26.33,43.97,68,20,8.05
136,Porto Novo,BR,70.58,-23.68,-45.44,100,92,2.28
137,Newburn,GB,44.35,54.98,-1.74,93,75,5.82
138,Thompson,CA,30.2,55.74,-97.86,28,40,8.05
139,Port Lincoln,AU,64.19,-34.72,135.86,92,68,15.26
140,Kapaa,US,78.84,22.08,-159.32,65,75,14.99
141,Esperance,TT,76.51,10.24,-61.45,78,20,6.93
142,Vicksburg,US,64.72,32.35,-90.88,100,40,2.84
143,Auki,NG,82.37,12.18,6.51,45,0,8.55
144,Mahebourg,MU,79.03,-20.41,57.7,69,75,11.41
145,Yuli,NG,86.87,10.52,9.86,36,88,5.75
146,Manono,CD,74.36,-7.3,27.4,86,8,6.53
147,Kalmunai,LK,71.21,7.42,81.82,100,0,2.84
148,Port Elizabeth,US,53.04,39.31,-74.98,76,1,4.18
149,Llangefni,GB,42.21,53.26,-4.31,93,8,6.93
150,Venado Tuerto,AR,54,-33.75,-61.97,45,0,1.99
151,Yellowknife,CA,19.78,62.45,-114.38,67,90,14.99
152,Yinchuan,CN,46.91,38.48,106.21,34,36,4.18
153,Singapore,MY,80.02,1.29,103.85,78,75,3.36
154,Hovd,NO,40.66,63.83,10.7,84,75,16.11
155,Tasiilaq,GL,30.2,65.61,-37.64,54,92,41.38
156,Australind,AU,59.13,-33.28,115.72,51,8,10
157,Taltal,CL,57.71,-25.41,-70.49,77,0,0.94
158,Bluff,AU,79.04,-23.58,149.07,51,0,10.33
159,Kaduna,NG,79.31,10.52,7.44,54,8,8.21
160,Gat,SN,73.78,14.69,-16.54,56,24,20.8
161,Baton Rouge,US,74.89,30.45,-91.15,69,1,10.29
162,Mandalgovi,MN,24.14,45.76,106.27,99,56,8.77
163,Portland,US,51.78,45.52,-122.67,66,90,13.87
164,Saskylakh,RU,20.36,71.97,114.09,84,44,18.5
165,Hofn,IS,35.84,64.25,-15.21,100,48,20.4
166,Cheremshanka,UA,48.26,51.44,24.5,52,76,13.35
167,Dunedin,NZ,57.99,-45.87,170.5,60,0,21
168,Tuktoyaktuk,CA,5,69.44,-133.03,71,20,14.99
169,Saldanha,PT,38.9,41.42,-6.55,94,80,6.98
170,Kirksville,US,64.56,40.19,-92.58,59,1,11.41
171,Lompoc,US,64.94,34.64,-120.46,77,1,12.75
172,San Pedro,AR,57,-33.68,-59.66,73,36,1.01
173,Necochea,AR,62.48,-38.55,-58.74,59,0,11.23
174,Novovarshavka,RU,29.09,54.17,74.7,90,24,7.65
175,Mugur-Aksy,RU,19.01,50.38,90.44,83,76,2.17
176,Bambous Virieux,MU,79.09,-20.34,57.76,69,75,11.41
177,Verkhnyaya Inta,RU,26.75,65.99,60.32,78,0,8.43
178,Jacmel,HT,81.91,18.24,-72.54,51,8,10.29
179,Port Arthur,US,73.17,29.9,-93.93,88,90,8.05
180,Tabou,CI,84.35,4.42,-7.36,97,8,13.58
181,Colwyn Bay,GB,43.93,53.29,-3.71,87,8,3.36
182,Stephenville,US,65.79,32.22,-98.2,93,90,5.82
183,Palmer,AU,68.22,-34.85,139.16,59,75,19.46
184,Guerrero Negro,MX,67.88,27.97,-114.04,62,0,15.26
185,Soyo,AO,80.93,-6.13,12.37,90,88,3.18
186,Okato,NZ,59.42,-39.19,173.88,100,56,7.65
187,Kaitangata,NZ,59,-46.28,169.85,55,0,15.01
188,Puerto Escondido,MX,80.6,15.86,-97.07,74,20,11.41
189,Saint George,GR,50.95,39.45,22.34,93,75,2.17
190,Frejlev,DK,42.37,57.01,9.82,93,76,2.62
191,Kodiak,US,67.44,39.95,-94.76,73,1,14.99
192,Ojinaga,US,75.43,29.56,-104.41,12,1,5.41
193,Arak,IR,44.84,34.1,49.69,84,88,5.97
194,Panaba,MX,86.06,21.28,-88.27,47,0,13.24
195,Sokoni,CD,65.09,-12.89,28.78,86,24,6.2
196,Georgetown,GY,77.74,6.8,-58.16,78,20,9.17
197,Lyman,UA,36.2,48.98,37.82,78,0,6.98
198,Hithadhoo,MV,84.08,-0.6,73.08,100,0,6.76
199,Albesti-Paleologu,RO,43.47,44.95,26.22,80,0,9.17
200,Saint Anthony,US,45.57,43.97,-111.68,49,1,21.92
201,Sitka,US,62.01,37.17,-99.65,69,44,1.01
202,Hamilton,CA,49.33,43.26,-79.87,76,75,2.24
203,Bensonville,LR,78.8,6.45,-10.61,94,40,6.87
204,Poum,MK,34.31,41.28,20.71,91,0,1.95
205,Atasu,KZ,28.01,48.68,71.64,81,0,7.76
206,Neuquen,AR,62.6,-38.95,-68.06,63,0,2.24
207,Koslan,RU,23.78,63.46,48.9,81,0,3.18
208,Fez,MA,46.4,34.03,-5.02,93,75,6.93
209,Sola,NO,39.58,58.89,5.65,93,0,2.24
210,Malangas,PH,77.42,7.63,123.03,96,92,2.95
211,Pisco,PE,75.2,-13.71,-76.2,78,0,9.17
212,Warrnambool,AU,62.01,-38.38,142.48,69,0,1.99
213,Cabo San Lucas,MX,73.04,22.89,-109.91,64,5,9.17
214,Meulaboh,ID,77.69,4.14,96.13,100,44,7.54
215,Cap-aux-Meules,CA,32,47.38,-61.86,88,90,6.93
216,Faanui,PF,85.52,-16.48,-151.75,97,88,16.15
217,Bandarbeyla,SO,80.03,9.49,50.81,100,0,2.73
218,Nouadhibou,MR,66.2,20.93,-17.03,59,0,25.28
219,Flinders,AU,74.95,-34.58,150.85,60,0,9.17
220,Tiksi,RU,20.18,71.64,128.87,73,0,4.41
221,Lebu,ET,59,8.96,38.73,72,0,4.7
222,Karasjok,NO,26.6,69.47,25.52,79,76,12.75
223,Yumen,CN,48.35,40.29,97.04,40,88,4.41
224,Spring Valley,US,54.57,41.11,-74.04,50,1,5.82
225,Maniitsoq,GL,32.06,65.42,-52.9,78,80,7.76
226,Ancud,CL,53.6,-41.87,-73.83,100,90,9.17
227,Wanning,AT,42.53,48.64,13.53,70,8,4.7
228,New Norfolk,AU,64.71,-42.78,147.06,48,75,17.22
229,Sneek,NL,48.16,53.03,5.66,93,8,11.41
230,Adrar,DZ,64.4,27.87,-0.29,36,0,8.05
231,Coahuayana,MX,83.72,18.62,-100.35,25,24,3.4
232,Tefe,BR,78.86,-3.35,-64.71,95,20,1.39
233,Paamiut,GL,33.86,61.99,-49.67,90,36,37.51
234,Tawang,BT,39.53,27.59,91.87,57,80,1.39
235,Mabaruma,GY,79.49,8.2,-59.78,78,92,10.11
236,Biak,ID,79.94,-0.91,122.88,98,48,2.51
237,Airai,TL,76.88,-8.93,125.41,67,0,1.95
238,Talnakh,RU,16.58,69.49,88.39,88,76,11.34
239,Polovinnoye,RU,22.79,54.79,65.99,62,0,4.63
240,Trelew,AR,71.03,-43.25,-65.31,35,0,9.66
241,Byron Bay,AU,78.75,-28.65,153.62,57,0,10.29
242,Labuhan,ID,74.45,-2.54,115.51,96,80,1.05
243,Puerto Colombia,CO,80.6,10.99,-74.96,78,0,13.87
244,Samarai,PG,76.79,-10.62,150.67,100,92,2.73
245,Nago,IT,47.91,45.88,10.89,100,40,3.36
246,Luanda,AO,80.6,-8.83,13.24,88,75,2.24
247,Ayan,TR,33.23,40.67,33.6,73,44,2.17
248,Sokolo,ML,82.19,14.74,-6.12,27,8,15.82
249,Vila Velha,BR,80.85,-3.71,-38.6,78,75,3.36
250,Winsum,NL,46.67,53.33,6.52,93,0,5.82
251,Sao Joao da Barra,BR,82.01,-21.64,-41.05,95,0,20.29
252,Bulgan,MN,20,48.81,103.53,75,32,2.73
253,Kodinsk,RU,22.16,58.6,99.18,77,44,3.18
254,Yatou,CM,78.8,3.63,9.81,100,75,3.36
255,Carutapera,BR,77.24,-1.2,-46.02,96,92,6.64
256,Carman,CA,43.63,49.51,-98,100,90,6.93
257,Skovorodino,RU,32.78,53.99,123.94,56,8,7.43
258,Alaca,TR,36.83,40.17,34.84,86,88,2.95
259,Te Anau,NZ,54.38,-45.41,167.72,50,0,3.62
260,Gushikawa,JP,75.67,26.35,127.87,78,1,6.93
261,Zhezkazgan,KZ,31.61,47.8,67.71,89,0,9.66
262,Batticaloa,LK,75.89,7.71,81.69,100,0,4.41
263,Freetown,BS,77,26.61,-78.36,78,75,5.82
264,Topaipi,CO,73.19,5.33,-74.3,80,56,1.5
265,Blagoveshchensk,RU,39.2,50.29,127.53,44,0,11.18
266,Coihaique,CL,50.99,-45.58,-72.07,76,0,2.24
267,Dongsheng,CN,68.24,29.72,112.52,81,0,11.45
268,Noshiro,JP,45.28,40.21,140.05,100,75,17.22
269,Sundargarh,IN,64.01,22.12,84.04,91,24,2.95
270,Faya,SA,63.48,18.39,42.45,55,0,11.41
271,San Cristobal,EC,56.26,-0.39,-78.55,76,75,10.29
272,Srikakulam,IN,82.82,18.29,83.89,100,12,10
273,Itacoatiara,BR,83.72,-3.14,-58.44,71,24,5.19
274,Winnemucca,US,54.5,40.97,-117.74,39,1,10.29
275,Tilichiki,RU,30.71,60.47,166.1,93,0,4.07
276,Baker City,US,47.68,44.77,-117.83,62,20,12.75
277,Walvis Bay,NA,58.32,-22.95,14.51,87,0,9.17
278,Keti Bandar,PK,81.02,24.14,67.45,90,0,14.14
279,Impfondo,CD,74.81,1.62,18.06,90,56,2.17
280,Nikolayevsk-na-amure,RU,26.84,53.14,140.72,93,80,12.91
281,Florida,CU,75.2,21.53,-78.23,83,20,10.29
282,Belen,TR,60.6,36.49,36.19,82,75,4.7
283,Qaqortoq,GL,33.8,60.72,-46.03,80,20,2.24
284,Provideniya,RU,17.21,64.42,-173.23,100,36,5.75
285,Yeppoon,AU,80.6,-23.13,150.74,51,40,10.29
286,Wajima,JP,60.8,37.4,136.9,25,0,11.41
287,Calabozo,VE,88.85,8.92,-67.43,36,8,12.57
288,Dingle,PH,79.04,11,122.67,95,20,8.43
289,Geraldton,CA,39.2,49.72,-86.95,51,20,4.7
290,Lorengau,PG,84.44,-2.02,147.27,94,32,6.2
291,Lavrentiya,RU,14.24,65.58,-170.99,100,24,8.99
292,Souillac,FR,39.4,45.6,-0.6,100,20,2.24
293,Ribeira Grande,PT,59.24,38.52,-28.7,100,68,26.11
294,Marawi,PH,82.99,8,124.29,79,64,5.01
295,Narsaq,GL,33.8,60.91,-46.05,80,36,2.24
296,Alepe,CI,82.4,5.5,-3.66,94,20,5.82
297,Fortuna,ES,51.4,38.18,-1.13,57,20,6.93
298,Coruripe,BR,83.54,-10.12,-36.18,92,68,12.01
299,Ambon,FR,46.11,47.55,-2.56,100,90,8.05
300,Metro,ID,80.84,-5.11,105.31,87,20,7.31
301,Nanortalik,GL,32.06,60.14,-45.24,91,68,17.27
302,Lahijan,IR,54.57,37.21,50,93,90,2.62
303,Haines Junction,CA,36.83,60.75,-137.51,71,0,2.73
304,Husavik,CA,41.83,50.56,-96.99,61,88,12.12
305,Goderich,CA,47.84,43.74,-81.71,82,0,8.01
306,Ambilobe,MG,71.48,-13.19,49.05,83,0,5.19
307,Vila Franca do Campo,PT,56.82,37.72,-25.43,87,75,25.28
308,Sechura,PE,76.52,-5.56,-80.82,73,12,9.22
309,Fonte Boa,BR,80.84,-2.51,-66.09,86,24,4.41
310,Green River,US,43,41.53,-109.47,45,1,20.8
311,Cruz Alta,AR,59.78,-33.01,-61.81,57,0,7.65
312,Turukhansk,RU,19.28,65.8,87.96,88,80,15.26
313,Sambava,MG,80.39,-14.27,50.17,100,68,15.7
314,Ca Mau,VN,81.02,9.18,105.15,88,56,8.66
315,Ebebiyin,GQ,75.35,2.15,11.34,87,76,3.4
316,Kainantu,PG,71.57,-6.29,145.87,85,32,1.95
317,Srednekolymsk,RU,15.23,67.46,153.71,80,0,3.18
318,Virginia Beach,US,52.86,36.85,-75.98,100,90,4.7
319,Jacareacanga,BR,76.79,-6.22,-57.76,92,32,1.72
320,San Policarpo,PH,79.58,12.18,125.51,96,68,8.43
321,El Alto,BO,42.8,-16.5,-68.19,93,75,6.93
322,Savannah Bight,HN,81.02,16.45,-85.85,94,0,21.74
323,Touros,BR,78.05,-5.2,-35.46,100,92,4.29
324,Suslonger,RU,35.6,56.32,48.25,100,75,8.95
325,Kiunga,PG,74.18,-6.12,141.3,98,92,2.84
326,Aykhal,RU,21.71,65.95,111.51,80,68,11.34
327,Mayo,CA,35.6,63.59,-135.9,47,90,13.87
328,Kungurtug,RU,19.64,50.6,97.53,84,64,3.18
329,Lancaster,US,54.55,40.04,-76.31,67,1,5.82
330,Igarka,RU,18.74,67.47,86.57,91,76,6.42
331,Tabuk,PH,71.12,17.41,121.44,91,20,1.95
332,Bondoukou,CI,80.03,8.04,-2.8,81,12,9.44
333,Muros,ES,42.22,42.77,-9.06,93,40,1.12
334,Pontes e Lacerda,BR,69.86,-15.23,-59.33,84,100,3.85
335,Abu Samrah,SY,55.46,35.3,37.18,89,88,3.18
336,Flin Flon,CA,33.68,54.77,-101.88,65,80,12.12
337,Torbay,CA,32.2,47.66,-52.73,90,90,12.75
338,General Roca,AR,62.6,-39.03,-67.58,63,0,2.24
339,Pathein,MM,76.34,16.78,94.73,93,0,7.87
340,Olavarria,AR,61,-36.89,-60.32,63,8,7.65
341,Viransehir,TR,52.4,37.24,39.76,98,92,6.53
342,Rio Grande,BR,69.41,-32.03,-52.1,97,88,12.35
343,Jizan,SA,84.2,16.89,42.56,74,0,6.93
344,Mount Isa,AU,84.2,-20.73,139.49,45,0,12.75
345,Beringovskiy,RU,12.98,63.05,179.32,100,44,23.09
346,Finschhafen,PG,77.24,-6.6,147.85,90,80,1.28
347,Enterprise,US,74.59,36.05,-115.22,23,40,3.36
348,Valentin Gomez Farias,MX,69.24,24.05,-104.7,10,5,16.11
349,Porto Walter,BR,73.01,-8.27,-72.74,93,88,4.18
350,Tulum,MX,79.84,20.21,-87.46,78,20,9.17
351,Buala,SB,87.05,-8.15,159.59,82,36,2.95
352,Boa Vista,BR,87.8,2.82,-60.67,45,0,10.29
353,Isangel,VU,82.4,-19.55,169.27,58,40,14.99
354,Nova Zagora,BG,46.4,42.49,26.01,87,90,4.7
355,Henties Bay,NA,59,-22.12,14.28,88,0,5.01
356,Avera,US,64.67,33.19,-82.53,87,90,5.82
357,Morris,US,59.65,41.36,-88.42,67,1,6.93
358,Kaduqli,SD,65.36,11.01,29.72,57,0,2.62
359,Lazaro Cardenas,MX,69.8,28.39,-105.62,19,40,9.17
360,Aksarka,RU,23.87,66.56,67.8,78,0,18.05
361,Rumonge,BI,71.3,-3.97,29.44,100,12,2.73
362,Svetlogorsk,RU,26.6,53.14,59.15,92,8,6.71
363,Sawakin,SD,62.66,19.1,37.33,100,0,4.41
364,Sohag,EG,71.6,26.55,31.7,24,0,6.93
365,Hare Bay,CA,28.49,48.86,-53.99,100,90,10.29
366,Casas Grandes,MX,71.93,30.15,-110.24,27,36,2.73
367,Vysha,RU,32.6,53.85,42.38,97,68,3.06
368,Sorland,NO,37.64,67.67,12.69,100,12,24.87
369,Udachnyy,RU,23.15,66.42,112.4,76,48,7.65
370,Saint-Pierre,FR,39.81,48.95,4.24,81,0,5.82
371,Harstad,NO,32,68.8,16.53,100,44,18.34
372,Ishigaki,JP,77,24.34,124.16,88,40,6.93
373,Worland,US,57.47,44.02,-107.96,26,40,13.87
374,Hatillo,PR,74.21,18.49,-66.83,78,1,13.87
375,Lafia,NG,81.83,8.5,8.51,65,12,10.67
376,Ankang,CN,55.91,32.73,108.99,71,0,1.95
377,Araguari,BR,75.08,-18.65,-48.19,78,36,2.28
378,Chuy,UY,63.56,-33.69,-53.46,87,92,5.19
379,Coracao de Jesus,BR,71.6,-16.69,-44.37,88,0,4.97
380,Zilair,RU,23.87,52.23,57.44,82,8,3.96
381,Mahibadhoo,MV,83.36,3.78,72.97,100,44,2.28
382,Juegang,CN,73,32.31,121.18,54,8,12.8
383,Dillon,US,45.28,45.22,-112.64,56,1,8.05
384,Sembakung,ID,82.4,3.82,117.25,83,75,3.36
385,Minsk,BY,41,53.9,27.56,65,0,13.42
386,Shimoda,JP,65.77,34.7,138.93,59,0,3.36
387,Komsomolskiy,RU,24.59,67.55,63.78,88,80,19.06
388,Cairns,AU,77.72,-16.92,145.77,74,75,10.29
389,Edd,ER,70.58,13.93,41.69,93,0,2.39
390,Yukhnov,RU,27.92,54.74,35.23,74,0,2.84
391,Rodrigues Alves,BR,73.55,-7.74,-72.65,97,92,4.97
392,Berlevag,NO,28.46,70.86,29.09,100,32,12.24
393,Erice,IT,54.1,38.04,12.59,71,20,9.17
394,Rawson,AR,71.03,-43.3,-65.11,35,0,9.66
395,Sisimiut,GL,24.68,66.94,-53.67,65,24,5.08
396,Sangar,RU,27.11,63.92,127.47,66,12,4.97
397,Bilma,NE,72.29,18.69,12.92,22,0,3.29
398,Beausejour,CA,45.14,50.06,-96.51,65,75,8.05
399,Asbestos,CA,37.11,45.78,-71.93,86,75,6.93
400,Cruzeiro do Sul,BR,73.55,-7.63,-72.67,97,92,4.97
401,Ola,RU,35.66,59.58,151.3,83,0,13.47
402,Baykit,RU,27.74,61.68,96.39,89,80,4.07
403,Hambantota,LK,75.2,6.12,81.12,100,0,1.12
404,Putina,PE,48.2,-14.91,-69.87,61,40,1.12
405,Colinas,BR,74.18,-6.03,-44.25,97,80,2.39
406,Pangnirtung,CA,19.28,66.15,-65.72,79,88,4.74
407,Marsa Matruh,EG,60.8,31.35,27.25,93,20,2.24
408,Beyneu,KZ,48.53,45.32,55.19,69,88,13.47
409,Baherden,TM,54.11,38.44,57.43,100,92,4.52
410,Konstantinovo,BG,46.4,42,25.79,87,90,4.7
411,Tezu,IN,59.06,27.93,96.16,59,8,2.06
412,San Jose,PH,76.79,15.79,120.99,85,0,2.95
413,Raudeberg,NO,40.48,61.99,5.14,60,8,9.17
414,Zeljezno Polje,BA,39.44,44.41,17.93,87,0,2.73
415,Kud,IN,53.84,33.08,75.29,57,0,3.4
416,Mujiayingzi,CN,34.49,42.12,118.78,48,36,3.96
417,Petropavlovsk-Kamchatskiy,RU,39.2,53.05,158.65,55,40,11.18
418,Makakilo City,US,82.8,21.35,-158.09,58,1,12.75
419,Linkou,CN,37.64,45.29,130.27,64,0,6.31
420,Spolaita,GR,51.4,38.7,21.35,76,20,9.17
421,Midleton,IE,45.59,51.91,-8.17,75,40,9.17
422,Teya,MX,90.59,21.05,-89.07,38,5,17.22
423,Hohhot,CN,51.8,40.81,111.65,21,20,2.24
424,Koumac,NC,79.85,-20.56,164.28,72,0,5.53
425,Aklavik,CA,17.6,68.22,-135.01,52,75,9.17
426,Kamariotissa,GR,53.6,40.48,25.47,93,75,10.29
427,Vila,IT,49.55,45.18,8.4,81,75,5.82
428,Laguna,MX,77,27.52,-110.01,31,20,6.93
429,Tanete,ID,82.01,-3.94,119.78,80,24,4.74
430,Gavle,SE,37.99,60.67,17.14,78,92,4
431,Yerofey Pavlovich,RU,30.98,53.97,121.97,48,68,7.76
432,Phimai,TH,81.9,15.22,102.49,83,24,4.7
433,Gallup,US,56.35,35.53,-108.74,43,90,6.93
434,Vostok,RU,31.79,46.45,135.83,84,12,2.51
435,Fort Nelson,CA,30.2,58.81,-122.69,74,90,2.24
436,Tura,IN,65.09,25.52,90.21,94,92,5.75
437,Pervomayskiy,RU,23.96,53.24,40.29,73,0,3.06
438,Nioro,GM,85.61,13.79,-15.05,27,0,11.68
439,Borodino,RU,24.86,55.9,94.89,65,76,4.41
440,Sakete,BJ,84.2,6.74,2.66,89,20,14.99
441,Nelson Bay,AU,79.93,-32.72,152.14,51,0,9.17
442,Kolosovka,RU,16.31,56.47,73.61,72,0,4.29
443,Lahaina,US,80.02,20.87,-156.68,48,20,5.82
444,Waddan,LY,54.11,29.16,16.14,76,0,3.96
445,Mikuni,JP,53.6,36.22,136.15,54,75,4.7
446,Fomboni,KM,84.53,-12.28,43.74,100,0,6.98
447,Tromso,NO,28.26,69.65,18.96,86,75,18.34
448,Cidreira,BR,69.41,-30.17,-50.22,96,100,7.76
449,Verkhnevilyuysk,RU,23.24,63.45,120.31,68,0,3.62
450,Los Llanos de Aridane,ES,62.6,28.66,-17.92,72,20,9.17
451,Umred,IN,77,20.85,79.32,31,8,4.7
452,Noumea,NC,78.8,-22.28,166.46,61,44,3.36
453,Manggar,ID,78.95,-2.88,108.27,100,8,3.74
454,Myitkyina,MM,61.85,25.38,97.4,89,8,2.17
455,Sobolevo,RU,34.58,54.43,31.9,73,36,3.29
456,Moctezuma,MX,71.03,29.81,-109.68,25,68,2.73
457,Deputatskiy,RU,21.26,69.3,139.9,86,64,3.96
458,Alofi,NU,86,-19.06,-169.92,79,92,6.93
459,Satkhira,BD,69.8,22.72,89.08,94,40,3.36
460,Bud,NO,37.78,62.91,6.91,100,56,8.05
461,Padang,ID,77,-0.92,100.36,94,40,3.36
462,Pacific Grove,US,61.14,36.62,-121.92,67,1,11.41
463,Mosjoen,NO,39.07,65.84,13.19,69,80,17.22
464,Unity,CA,56.36,52.44,-109.15,44,64,16.26
465,Luba,PH,78.86,17.32,120.7,79,8,3.62
466,Bosaso,SO,80.3,11.28,49.18,99,0,6.64
467,Quesnel,CA,53.6,52.98,-122.49,37,90,13.87
468,Doha,QA,74.48,25.29,51.53,69,0,4.7
469,Mandi Bahauddin,PK,64.46,32.58,73.49,74,12,5.75
470,Motril,ES,45.21,36.75,-3.52,93,64,2.24
471,Carinhanha,BR,72.74,-14.3,-43.77,88,8,3.18
472,Galesong,ID,80.6,-5.32,119.37,94,20,2.24
473,Abalak,NE,79.31,15.46,6.28,33,56,4.07
474,Iqaluit,CA,19.15,63.75,-68.52,67,75,8.32
475,Kaka,TM,52.31,37.35,59.62,100,36,2.62
476,Vrangel,RU,38.9,42.73,133.08,90,0,11.79
477,Riyadh,SA,75.2,24.63,46.72,27,0,2.24
478,Vilhena,BR,69.95,-12.74,-60.15,84,92,3.62
479,Oia,ES,44.65,42,-8.88,100,40,3.36
480,Bathsheba,BB,78.8,13.22,-59.52,65,20,21.92
481,Staffanstorp,SE,40.89,55.64,13.21,70,0,8.05
482,Porteirinha,BR,70.94,-15.74,-43.03,90,0,3.4
483,Luang Prabang,LA,68,19.89,102.14,88,40,2.24
484,Comodoro Rivadavia,AR,66.2,-45.87,-67.48,37,0,9.17
485,Planaltina,BR,68,-15.62,-47.66,100,40,4.7
486,Puerto Quijarro,BO,66.2,-19,-57.72,88,0,3.36
487,North Battleford,CA,33.8,52.78,-108.3,88,90,24.16
488,Kautokeino,NO,20.45,69.01,23.04,94,88,5.97
489,Simao,CN,56.09,22.76,100.79,84,0,2.06
490,Cartagena,ES,51.69,37.63,-1,50,8,13.87
491,Lisakovsk,KZ,25.4,52.55,62.49,76,0,2.84
492,Malanje,AO,66.8,-9.54,16.35,96,68,2.17
493,Jieshi,CN,73.1,22.82,115.83,92,36,6.08
494,Arnia,IN,62.6,32.52,74.8,72,40,4.74
495,Vanavara,RU,22.43,60.35,102.28,80,0,6.31
496,Ostruznica,RS,48.51,44.73,20.32,62,0,11.41
497,Qasigiannguit,GL,37.4,68.82,-51.19,47,68,35.57
498,Landerneau,FR,47.89,48.45,-4.26,93,36,6.93
499,Tessalit,ML,64.37,20.2,1.01,27,0,7.54
500,Cabedelo,BR,78.8,-6.97,-34.84,94,75,1.12
501,Mantua,IT,48.85,45.16,10.79,87,75,4.7
502,Klyuchi,RU,31.34,52.25,79.17,81,36,9.78
503,Bonthe,SL,81.56,7.53,-12.5,85,64,4.63
504,Miri,NG,84.98,10.31,9.75,35,88,1.39
505,Kenai,US,42.57,60.55,-151.26,60,20,23.04
506,Topeka,US,66.58,39.05,-95.68,63,90,6.93
507,Yar-Sale,RU,23.51,66.83,70.83,79,0,19.73
508,Sorong,ID,81.56,-0.86,131.25,100,8,3.4
509,Westport,IE,39.72,53.8,-9.52,76,32,8.99
510,Sopelana,ES,44.31,43.38,-2.98,93,75,2.24
511,Ixtapa,MX,76.46,20.71,-105.21,69,5,5.82
512,Francisco Sa,BR,71.6,-16.48,-43.49,88,0,2.51
513,Maracaibo,CO,73.4,3.41,-75.78,83,40,8.05
514,Salamanca,ES,38.75,40.97,-5.66,86,88,16.11
515,Entebbe,UG,69.8,0.06,32.45,88,40,5.82
516,Dergachi,RU,38.09,51.24,48.77,89,92,11.56
517,San Patricio,PY,67.16,-26.98,-56.83,79,32,4.63
518,Kavaratti,IN,84.08,10.57,72.64,100,0,8.77
519,Kidal,ML,74,18.44,1.41,21,0,8.66
520,Riberalta,BO,71.21,-11,-66.08,74,56,4.41
521,Ajdabiya,LY,53.57,30.75,20.22,93,0,7.2
522,Kangaba,ML,88.04,11.94,-8.41,35,88,8.21
523,San Rafael,AR,59.06,-34.61,-68.33,37,0,4.18
524,Riverton,US,49.69,43.02,-108.38,27,1,21.92
525,Mount Pleasant,US,64.15,33.16,-94.97,64,1,6.93
526,Tooele,US,53.6,40.53,-112.3,57,1,11.41
527,Longhua,CN,60.23,29.21,106.21,67,0,2.51
528,Haicheng,CN,44.21,40.85,122.74,21,0,4.07
529,Cabo Rojo,PR,74.23,18.09,-67.15,78,1,13.87
530,Mackenzie,CA,50,55.34,-123.09,37,20,11.41
531,Linhares,BR,78.68,-19.38,-40.06,80,0,9.44
532,Balkanabat,TM,56.99,39.51,54.36,82,36,3.85
533,Sadasivpet,IN,73.4,17.62,77.95,83,40,6.93
534,Alma,US,62.2,40.1,-99.36,67,1,13.87
535,Bolgatanga,GH,79.31,10.79,-0.85,69,48,6.76
536,Omboue,GA,82.91,-1.57,9.26,100,76,5.41
537,Gospic,HR,44.6,44.55,15.37,87,0,5.82
538,Rosolini,IT,50.92,36.82,14.95,100,40,5.82
539,Galle,US,71.2,29.74,-97.91,88,75,5.82
540,Pacifica,US,61.57,37.61,-122.49,87,90,11.41
541,Karagach,RU,41.27,43.81,43.77,81,8,4.47
542,Chulman,RU,26.48,56.84,124.9,69,64,7.2
543,Vao,EE,32.78,59.1,26.19,67,0,6.76
544,Birao,CF,69.14,10.3,22.78,32,0,4.63
545,Sosua,DO,77.54,19.77,-70.52,83,40,9.17
546,Sioux Lookout,CA,42.17,50.1,-91.92,55,1,6.93
547,Tonekabon,IR,55.4,36.82,50.88,93,90,1.5
548,Nishihara,JP,62.06,35.74,139.53,55,20,6.93
549,Bima,ID,77.24,-8.45,118.73,97,12,2.39
550,Hayvoron,UA,38.36,48.34,29.87,58,56,6.98
551,Hami,CN,52.58,42.84,93.51,54,80,1.72
552,Logan,US,51.71,41.73,-111.83,53,75,3.36
553,Nantucket,US,45.88,41.28,-70.1,93,1,6.93
554,Bartica,GY,75.2,6.41,-58.62,88,20,4.7
555,Kurmanayevka,RU,44.39,52.51,52.07,91,88,12.57
556,Yulara,AU,86,-25.24,130.99,27,0,11.41
557,Nizwa,OM,62.03,22.93,57.53,40,24,3.85
558,Boissevain,CA,37.4,49.23,-100.06,100,90,6.93
559,Birjand,IR,46.4,32.86,59.22,73,0,6.93
560,Rocha,UY,59.78,-34.48,-54.34,76,88,4.74
561,Maningrida,AU,77.96,-12.05,134.23,100,92,8.1
562,Cody,US,52.79,44.53,-109.06,34,1,19.46
563,Smidovich,RU,38.99,48.6,133.81,56,56,4.97
564,Fartura,BR,71.03,-23.39,-49.51,98,64,4.29
565,Derbent,RU,43.22,42.06,48.29,97,80,2.06
566,Kutahya,TR,47.46,39.42,29.98,81,75,5.82
567,Columbus,US,67.95,32.46,-84.99,100,90,2.28
568,Lukovetskiy,RU,23,64.29,41.92,92,0,3.74
569,Nara,JP,61.59,34.68,135.8,45,0,3.36
570,Chabahar,IR,77.87,25.29,60.65,91,12,7.43
571,Oskarshamn,SE,34.2,57.26,16.44,100,36,2.24
572,Davila,PH,86,18.47,120.58,66,20,4.7
573,Yangambi,CD,74.18,0.77,24.47,97,32,2.28
574,Ilebo,CD,75.08,-4.33,20.59,94,0,2.39
575,La Ronge,CA,37.4,55.1,-105.3,55,90,16.11
576,Puerto Leguizamo,CO,92.72,-0.19,-74.78,38,92,3.18
577,Bundaberg,AU,81.73,-24.87,152.35,54,75,6.93
578,Aksay,RU,37.4,47.27,39.86,71,0,8.95
579,Erzin,TR,59.95,36.95,36.2,82,75,4.7
580,Chapais,CA,24.8,49.78,-74.86,53,1,5.82
581,Xixiang,CN,77.85,22.58,113.87,74,20,8.05
582,Areosa,PT,46.31,41.72,-8.86,76,20,5.82
583,Xining,CN,24.68,36.62,101.77,65,0,2.62
584,Conceicao do Araguaia,BR,79.31,-8.26,-49.26,81,44,4.63
585,Rabo de Peixe,PT,56.88,37.8,-25.58,87,75,25.28
586,Goure,NE,77.96,13.98,10.27,28,0,5.64
587,Zhuhai,CN,46.4,40.71,112.04,28,0,2.24
588,Qidong,CN,75,31.81,121.66,55,0,3
589,Umm Lajj,SA,65.81,25.02,37.27,91,8,5.64
590,Shizuishan,CN,44.75,39.02,106.36,29,32,2.84
591,Beibei,CN,64.4,29.83,106.43,63,0,8.95
592,Svetlaya,RU,35.3,46.54,138.33,84,12,3.85
593,Ambunti,PG,81.02,-4.22,142.82,88,80,2.39
594,Barao de Melgaco,BR,75.2,-16.19,-55.97,83,90,8.05
595,Miasskoye,RU,26.11,55.28,61.89,92,0,6.71
596,Cedar City,US,55.15,37.68,-113.06,35,75,10.29
597,Almaznyy,RU,37.4,48.03,40.04,72,0,8.95
598,Khurda,IN,78.8,20.18,85.62,65,20,5.86
599,Lamu,ID,76.97,0.57,122.3,98,0,3.06
600,Manta,RO,46.82,45.1,24.1,59,44,8.77
601,Kayes,ML,82.19,14.44,-11.44,36,0,6.98
602,Ivanteyevka,RU,29.75,55.97,37.92,82,75,2.24
603,Abeche,TD,66.71,13.83,20.83,42,0,3.4
604,Micheweni,TZ,83.9,-4.97,39.83,100,20,3.62
605,Xiongyue,CN,47.54,40.18,122.12,17,0,3.74
606,Kachiry,KZ,34.04,53.07,76.1,78,8,10
607,Safranbolu,TR,46.46,41.25,32.69,65,20,1.95
608,Urusha,RU,33.5,54.05,122.9,49,56,8.43
609,Flekkefjord,NO,41.9,58.3,6.66,85,0,1.01
610,Noyabrsk,RU,27.29,63.2,75.45,89,92,14.81
611,Yerbogachen,RU,23.42,61.28,108.01,73,24,7.2
612,Ngunguru,NZ,68,-35.62,174.5,54,0,7
613,Anadyr,RU,12.09,64.73,177.51,72,0,15.66
614,Saint-Joseph,FR,43.23,43.56,6.97,87,90,3.36
615,Danielskuil,ZA,49.52,-28.19,23.54,93,0,4.52
616,Ouro Sogui,SN,86,15.61,-13.32,28,0,2.24
617,Rafaela,AR,60.93,-31.25,-61.49,49,0,1.01
618,Mbala,ZM,61.94,-8.85,31.37,91,36,7.09
619,Srivardhan,IN,68.33,18.03,73.02,96,0,4.07
620,Tsabong,BW,62.66,-26.02,22.4,44,0,8.1
621,Pitea,SE,29.23,65.32,21.48,100,48,9.17
622,Bereda,ES,42.85,43.27,-7.54,87,76,6.93
623,Xai-Xai,MZ,76.88,-25.04,33.64,96,88,12.91
624,Taraz,KZ,44.04,42.89,71.39,100,90,2.24
625,Tautira,PF,89.26,-17.73,-149.15,62,20,5.82
626,Mumford,GH,81.2,5.26,-0.76,87,8,11.12
627,Madikeri,IN,69.5,12.42,75.74,93,12,1.39
628,Kalabo,ZM,74.81,-15,22.67,62,8,10.56
629,Opunake,NZ,57.8,-39.45,173.86,100,80,9.22
630,Tenenkou,ML,83.45,14.46,-4.91,29,0,15.26
631,Dryden,CA,39.2,49.79,-92.84,55,1,6.93
632,Makhinjauri,GE,44.6,41.67,41.69,93,0,5.82
633,Zhanaozen,KZ,53.39,43.35,52.85,71,88,18.28
634,Havre-Saint-Pierre,CA,28.4,50.23,-63.6,92,40,11.41
635,Karaton,ID,81.66,-6.34,106.1,78,20,3.36
636,Bodden Town,KY,80.19,19.28,-81.25,83,20,6.93
637,Veraval,FR,44.91,49.65,0.71,81,76,5.82
638,Santiago de Cuba,CU,80.6,20.03,-75.83,69,75,6.93
639,Gairo,TZ,62.39,-6.14,36.87,93,24,4.07
640,Kharp,RU,26.12,66.82,65.8,80,44,17.38
641,Yuksekova,TR,39.2,37.57,44.29,80,0,6.93
642,Coquimbo,CL,57.2,-29.95,-71.34,93,0,4.18
643,Vizinga,RU,29.72,61.08,50.08,93,0,5.64
644,Ayr,GB,45.09,55.46,-4.63,87,75,4.7
645,Pierre,US,58.51,44.37,-100.35,77,1,10.29
646,Buluang,PH,86,10.47,123.98,66,75,4.7
647,Bilibino,RU,20.54,68.06,166.44,69,0,3.74
648,Baoqing,CN,40.16,46.32,132.2,54,56,4.97
649,Port Blair,IN,83.18,11.67,92.75,100,0,4.18
650,Vagay,RU,20.36,57.94,69.02,69,20,6.76
651,Ranfurly,CA,49.25,53.41,-111.68,76,88,6.31
652,Miramar,CR,70.92,10.09,-84.73,83,75,3.36
653,Gimbi,ET,49.16,8.81,37.79,94,56,1.95
654,Thunder Bay,CA,37.62,48.41,-89.26,77,20,6.93
655,Chernyshevskiy,RU,22.43,63.01,112.47,72,64,7.76
656,Arsikere,IN,76.79,13.31,76.26,42,8,6.42
657,The Valley,AI,77.88,18.22,-63.06,69,20,14.99
658,Aksu,KZ,30.2,52.04,76.93,92,0,8.95
659,Ustye,RU,33.14,58.76,27.79,66,12,9.33
660,Santa Maria,BR,68,-29.69,-53.81,88,75,5.82
661,Teahupoo,PF,89.26,-17.83,-149.27,62,20,5.82
662,Kulykiv,UA,42.8,49.98,24.08,87,0,6.71
663,Bayonet Point,US,74.68,28.33,-82.68,83,1,1.72
664,Hidalgo,US,80.47,26.1,-98.26,74,75,10.29
665,Richards Bay,ZA,63.11,-28.77,32.06,98,24,5.97
666,Gigmoto,PH,79.04,13.78,124.39,100,56,4.52
667,Ponta Delgada,PT,56.8,37.73,-25.67,87,75,25.28
668,Roald,NO,37.18,62.58,6.12,97,75,18.34
669,Viedma,AR,62.39,-40.81,-62.99,39,0,7.54
670,Merauke,ID,82.19,-8.49,140.4,100,48,5.75
671,Honningsvag,NO,29.99,70.98,25.97,100,68,11.68
672,Galeana,MX,66,24.83,-100.08,37,0,8.99
673,Shelbyville,US,61.29,39.41,-88.79,72,1,5.82
674,Salinas,US,61.5,36.67,-121.66,68,1,9.17
675,Baft,IR,33.41,29.23,56.61,88,12,0.94
676,Port Moresby,PG,82.46,-9.47,147.16,98,20,2.95
677,Shar,NG,78.5,7.3,8.73,84,32,10.11
678,Pavelets,RU,34,53.79,39.25,96,0,1.01
679,Bani,PH,79.22,15.89,120.27,94,8,3.62
680,Diego de Almagro,CL,64.64,-26.39,-70.05,66,0,2.73
